payment_type,TotalRevenue
0,3.888257485E7
1,8.9077911408E8
2,1.5705023771E8
3,2540632.48
4,1130852.75
5,0.0
