RateCodeID,TotalRevenue
,3.888257485E7
1.0,8.7007743671E8
2.0,1.3148552033E8
3.0,1.440521979E7
4.0,9741082.38
5.0,1.79898206E7
6.0,3224.97
99.0,7798532.25
